{
  "meta_title": "",
  "meta_description": "",
  "sections": [
    {
      "type": "banner-slider",
      "autoplay": 9000,
      "full_width": false,
      "slides": [
        {
          "start": "",
          "end": "",
          "img": "/img/uploads/16431-_banner-loja-dea-responsivo.png"
        },
        {
          "start": "",
          "end": "",
          "img": "/img/uploads/16431-baner-loja-dea-02.png"
        },
        {
          "start": "",
          "end": "",
          "img": "/img/uploads/16431-baner-loja-dea-04.png"
        },
        {
          "start": "",
          "end": "",
          "img": "/img/uploads/16431-entrega-gratis-para-toda-a-cidade.png"
        }
      ]
    },
    {
      "type": "info-bar",
      "enabled": true
    },
    {
      "type": "collection-shelf",
      "shuffle": true,
      "collection_id": "61990ec90c7c7272258e598e:categories:CASA.:/casa",
      "sort": null,
      "title": "",
      "headless": false,
      "limit": 12,
      "page": 1
    },
    {
      "type": "collection-shelf",
      "shuffle": false,
      "limit": 12,
      "page": 1,
      "collection_id": "61990e210c7c7272258e580f:categories:ELETRÔNICOS.:/eletronicos"
    },
    {
      "type": "collection-shelf",
      "shuffle": false,
      "limit": 12,
      "page": 1
    },
    {
      "type": "collection-shelf",
      "shuffle": false,
      "limit": 12,
      "page": 1,
      "collection_id": "61990f770c7c7272258e5ac6:categories:BRINQUEDOS.:/brinquedos"
    },
    {
      "type": "dynamic-showcase",
      "load_more": true,
      "sort": "slug"
    }
  ]
}